{"r2": 0.5727015482483259, "mae": 32.00177302631579, "feature_importance": {"_type": "image-file", "path": "media/images/feature_importance_0_326553e4.png", "sha256": "326553e4169d469a58331ce712b79ee8fdf77a8945b4de945de2de358f1d7ed3", "size": 36417, "format": "png", "width": 1000, "height": 1000}, "_runtime": 16, "_timestamp": 1665738184, "_step": 0}