{"r2": 0.4542692156111592, "mae": 36.96742434210526, "feature_importance": {"_type": "image-file", "path": "media/images/feature_importance_0_527ff45e.png", "sha256": "527ff45e682b3af12f53377daecfa81e6fa911e6b41306442c71ce06514bc696", "size": 35678, "format": "png", "width": 1000, "height": 1000}, "_runtime": 6, "_timestamp": 1665738407, "_step": 0}