{"r2": 0.4005148688008958, "mae": 38.83533881578947, "feature_importance": {"_type": "image-file", "path": "media/images/feature_importance_0_85b0aa7a.png", "sha256": "85b0aa7a33e1e8a5331e46d45d98f25aa3b9325f07546298849d7e4d642430e5", "size": 34969, "format": "png", "width": 1000, "height": 1000}, "_runtime": 6, "_timestamp": 1665738426, "_step": 0}