{"r2": 0.49976934294612885, "mae": 34.85335197368421, "feature_importance": {"_type": "image-file", "path": "media/images/feature_importance_0_cb77c705.png", "sha256": "cb77c70506ea8e17a42e004fb950fb694fd8a862c34e68b47cf3a4525d84e390", "size": 35715, "format": "png", "width": 1000, "height": 1000}, "_runtime": 8, "_timestamp": 1665738071, "_step": 0}