{"r2": 0.5791790786817318, "mae": 31.77512006578947, "feature_importance": {"_type": "image-file", "path": "media/images/feature_importance_0_6124fb5f.png", "sha256": "6124fb5fc0ff7d383aaa25782960c2c9a49860c87935dd7ec1c95ef62b6535ea", "size": 36459, "format": "png", "width": 1000, "height": 1000}, "_runtime": 19, "_timestamp": 1665738993, "_step": 0}