{"r2": 0.5707456071708433, "mae": 31.921891447368424, "feature_importance": {"_type": "image-file", "path": "media/images/feature_importance_0_89f107a3.png", "sha256": "89f107a3df158542671e158290fcbab993b686cbe10372c2d7f1bd9cb0e8f9be", "size": 36403, "format": "png", "width": 1000, "height": 1000}, "_runtime": 13, "_timestamp": 1665738847, "_step": 0}