{"r2": 0.5742069103722822, "mae": 31.9141875, "feature_importance": {"_type": "image-file", "path": "media/images/feature_importance_0_b05bc9b6.png", "sha256": "b05bc9b6ca5ff6a780547ff5bfd550ba88e67b9805d4f74ed238aacdb77d5127", "size": 36468, "format": "png", "width": 1000, "height": 1000}, "_runtime": 15, "_timestamp": 1665738244, "_step": 0}