{"r2": 0.5260913857767484, "mae": 33.76119407894737, "feature_importance": {"_type": "image-file", "path": "media/images/feature_importance_0_184ba8ae.png", "sha256": "184ba8ae144c56a1e33cef594f32e92ebdd19f637b0232dd39fdce96175dc5ed", "size": 36446, "format": "png", "width": 1000, "height": 1000}, "_runtime": 9, "_timestamp": 1665738798, "_step": 0}