{"r2": 0.5763896023236439, "mae": 31.823363486842105, "feature_importance": {"_type": "image-file", "path": "media/images/feature_importance_0_6577bc40.png", "sha256": "6577bc4065d98221bdc8e5c50c93103015b2053bbbb7feb3af8dc4ed6776ff23", "size": 36432, "format": "png", "width": 1000, "height": 1000}, "_runtime": 11, "_timestamp": 1665738115, "_step": 0}