{"r2": 0.5757832145338484, "mae": 31.886373355263157, "feature_importance": {"_type": "image-file", "path": "media/images/feature_importance_0_8e594c2b.png", "sha256": "8e594c2b73a4738d4621896d47ff759ea2488019bf5c3f931d2fd1c52e8cc383", "size": 36457, "format": "png", "width": 1000, "height": 1000}, "_runtime": 21, "_timestamp": 1665739027, "_step": 0}