{"r2": 0.3289553856388121, "mae": 41.41360855263158, "feature_importance": {"_type": "image-file", "path": "media/images/feature_importance_0_d4046b0e.png", "sha256": "d4046b0efe3b6097a9a4d0dca823d2af24cf7753054587f1694edfd8ca15d340", "size": 37130, "format": "png", "width": 1000, "height": 1000}, "_runtime": 7, "_timestamp": 1665739121, "_step": 0}