{"r2": 0.5818609010376307, "mae": 31.745962171052632, "feature_importance": {"_type": "image-file", "path": "media/images/feature_importance_0_1edd7c78.png", "sha256": "1edd7c781681cb3df76a57ed65c10db261237b7b49ecd0c02fe111093a6996df", "size": 37103, "format": "png", "width": 1000, "height": 1000}, "_runtime": 27, "_timestamp": 1665739065, "_step": 0}