{"r2": 0.5794171098411738, "mae": 31.74701480263158, "feature_importance": {"_type": "image-file", "path": "media/images/feature_importance_0_4f695dfd.png", "sha256": "4f695dfd7b3ed1ecbaeda08c25170ea42e937ce2a129a83285b5d29035ed931e", "size": 36465, "format": "png", "width": 1000, "height": 1000}, "_runtime": 20, "_timestamp": 1665738963, "_step": 0}