{"r2": 0.5223673096700076, "mae": 34.086901315789476, "feature_importance": {"_type": "image-file", "path": "media/images/feature_importance_0_c2d05474.png", "sha256": "c2d05474ddf62a8f145b7eb6e6d4b64d51c0806753b91b18711f1ba7fc34f9db", "size": 35709, "format": "png", "width": 1000, "height": 1000}, "_runtime": 8, "_timestamp": 1665738761, "_step": 0}