{"r2": 0.5780107668172273, "mae": 31.729779605263158, "feature_importance": {"_type": "image-file", "path": "media/images/feature_importance_0_78fc568b.png", "sha256": "78fc568bf2b4d6275d139b1cafdf8b8ee3036ad6c0651b4f25aeaefd4b51df7e", "size": 36438, "format": "png", "width": 1000, "height": 1000}, "_runtime": 14, "_timestamp": 1665738215, "_step": 0}